{
  "nDCG": [
    0.2347,
    0.26554,
    0.30244,
    0.34951
  ],
  "Recall": [
    0.25573,
    0.32937,
    0.43811,
    0.62126
  ],
  "MAP": [
    0.17502,
    0.19085,
    0.20486,
    0.2149
  ],
  "Precision": [
    0.13173,
    0.08702,
    0.05841,
    0.01678
  ]
}